{"cameraMode":{"drawMode":0,"name":"Shaded","section":"Shading Mode"},"sceneLighting":true,"audioPlay":false,"sceneViewState":{"showFog":true,"showMaterialUpdate":true,"showSkybox":true,"showFlares":true,"showImageEffects":true,"showParticleSystems":true},"in2DMode":false,"pivot":{"x":-0.15519815683364869,"y":-0.9078553915023804,"z":9.696125984191895},"rotation":{"x":0.3482123613357544,"y":-0.19343841075897218,"z":0.07367236167192459,"w":0.9142798781394959},"size":22.088592529296876,"orthographic":false}