{"cameraMode":{"drawMode":0,"name":"Shaded","section":"Shading Mode"},"sceneLighting":false,"audioPlay":false,"sceneViewState":{"showFog":true,"showMaterialUpdate":true,"showSkybox":false,"showFlares":true,"showImageEffects":true,"showParticleSystems":true},"in2DMode":false,"pivot":{"x":-3.014618396759033,"y":0.020057082176208497,"z":7.989751815795898},"rotation":{"x":0.6577295660972595,"y":0.011297393590211869,"z":-0.009866686537861824,"w":0.7531060576438904},"size":3.1138508319854738,"orthographic":false}