{"cameraMode":{"drawMode":0,"name":"Shaded","section":"Shading Mode"},"sceneLighting":false,"audioPlay":false,"sceneViewState":{"showFog":true,"showMaterialUpdate":true,"showSkybox":false,"showFlares":true,"showImageEffects":true,"showParticleSystems":true},"in2DMode":false,"pivot":{"x":3.02632474899292,"y":0.008480310440063477,"z":8.0},"rotation":{"x":0.25020843744277956,"y":-0.004356890916824341,"z":0.0011259536258876324,"w":0.9681815505027771},"size":1.880089521408081,"orthographic":false}